Date,Open,High,Low,Close,Volume,Dividends,Stock Splits
2000-12-01 00:00:00-02:00,1.08599361306118,1.2070856292245484,1.0761580509769184,1.1815388202667236,237711,0.0,0.0
2001-01-01 00:00:00-02:00,1.1815395554679518,1.3028868172343635,1.1208659245847457,1.1911194324493408,1859682907,0.0,0.0
2001-02-01 00:00:00-02:00,1.2051692030246106,1.2051692030246106,1.0665780934584128,1.088931679725647,1371555316,0.0,0.0
2001-03-01 00:00:00-03:00,1.0985113620918077,1.194311715239342,0.983550750766356,1.073028326034546,2324039118,0.0,0.0
2001-04-01 00:00:00-03:00,1.01938059411842,1.1368318928830206,0.9707779261190927,1.1304452419281006,2140204367,0.0,0.0
2001-05-01 00:00:00-03:00,1.1304450428202675,1.2517922231394014,1.082544648127168,1.2198587656021118,2044078758,0.0,0.0
2001-06-01 00:00:00-03:00,1.2198583579487052,1.29330522322378,1.1400245323972586,1.2901118993759155,2295765268,0.0,0.0
2001-07-01 00:00:00-03:00,1.2709519209391091,1.2933050812263656,1.0985110975713097,1.2447023391723633,1971546621,0.0,0.0
2001-08-01 00:00:00-03:00,1.239018914536479,1.2709523691578826,1.1178631488912039,1.1211841106414795,2023058120,0.0,0.0
2001-09-01 00:00:00-03:00,1.1125618590347,1.124058158686226,0.8915821326866681,1.0857380628585815,1613552632,0.0,0.0
2001-10-01 00:00:00-03:00,1.0729641327982347,1.1687644478407184,0.9771638177557507,1.0953176021575928,2455595989,0.0,0.0
2001-11-01 00:00:00-02:00,1.0857376872060462,1.2112360670238396,1.0857376872060462,1.1240577697753906,3333275896,0.0,0.0
2001-12-01 00:00:00-02:00,1.124058697947959,1.17579082087545,1.0633849927580945,1.1239948272705078,2923647234,0.0,0.0
2002-01-01 00:00:00-02:00,1.1239946268005647,1.1783454378098244,1.072964777845658,1.0824170112609863,2543866233,0.0,0.0
2002-02-01 00:00:00-02:00,1.085738489573909,1.341206173344538,1.0595526602195136,1.306079387664795,3236643931,0.0,0.0
2002-03-01 00:00:00-03:00,1.2773386124800183,1.2901118027209637,1.175151215068739,1.1847316026687622,2687219841,0.0,0.0
2002-04-01 00:00:00-03:00,1.194311673099884,1.277275063989416,1.1496050307568504,1.197504997253418,3324353073,0.0,0.0
2002-05-01 00:00:00-03:00,1.197505223708567,1.197505223708567,1.0793512699421959,1.1087303161621094,2411556667,0.0,0.0
2002-06-01 00:00:00-03:00,1.1186936046199805,1.13657645392937,0.9184066509358081,1.0218710899353027,3826220714,0.0,0.0
2002-07-01 00:00:00-03:00,0.9967071406665367,1.0857380264285104,0.7026638324603448,0.7887566685676575,6312129671,0.0,0.0
2002-08-01 00:00:00-03:00,0.7868407545209786,1.0105030018301995,0.7409204979922345,0.9292641878128052,6471782486,0.0,0.0
2002-09-01 00:00:00-03:00,0.9375666655029357,0.9417179452463552,0.721760342721723,0.7584197521209717,3518533920,0.0,0.0
2002-10-01 00:00:00-03:00,0.7864578215710752,1.0282581567394673,0.7345337816800316,1.0218710899353027,5726330033,0.0,0.0
2002-11-01 00:00:00-03:00,1.009161611147485,1.0250643647755933,0.9069108240393159,0.9771643877029419,3346140083,0.0,0.0
2002-12-01 00:00:00-02:00,1.0059039331072,1.1176711757104707,0.9388437334161651,1.0953176021575928,2831120862,0.0,0.0
2003-01-01 00:00:00-02:00,1.095317488230643,1.128528335677021,0.9541716470673082,0.9868073463439941,3106277677,0.0,0.0
2003-02-01 00:00:00-02:00,0.9868073028450213,1.0301731603476911,0.9428030517408355,1.0027104616165161,2257405350,0.0,0.0
2003-03-01 00:00:00-03:00,1.0027111217696998,1.1943118496237533,0.9928117945918743,1.1744493246078491,2267340884,0.0,0.0
2003-04-01 00:00:00-03:00,1.1815388534183062,1.2901124298578592,1.1304451298754832,1.2326321601867676,3965851921,0.0,0.0
2003-05-01 00:00:00-03:00,1.2326322623306063,1.3348196136905635,1.215068868296488,1.2773393392562866,3904815443,0.0,0.0
2003-06-01 00:00:00-03:00,1.283724530289809,1.2933044964499305,1.2134711325351186,1.2167919874191284,2535189746,0.0,0.0
2003-07-01 00:00:00-03:00,1.2135362279067576,1.373075910199801,1.1943121955382892,1.3603665828704834,2898260987,0.0,0.0
2003-08-01 00:00:00-03:00,1.3412060475715257,1.4753264231027974,1.2901123280603017,1.4338130950927734,5125503927,0.0,0.0
2003-09-01 00:00:00-03:00,1.4363667035640244,1.551965738262601,1.3220446643265622,1.3284317255020142,3032951795,0.0,0.0
2003-10-01 00:00:00-03:00,1.3348187547844452,1.520032864804694,1.3348187547844452,1.5008726119995117,3139437182,0.0,0.0
2003-11-01 00:00:00-02:00,1.5008721603737942,1.5832607746124268,1.4465851584385794,1.5832607746124268,3077497477,0.0,0.0
2003-12-01 00:00:00-02:00,1.57751318656417,1.8585276378876079,1.5468571555341553,1.8329806327819824,2066577404,0.0,0.0
2004-01-01 00:00:00-02:00,1.8329815684907855,1.9639731257133217,1.724408095882785,1.7818883657455444,3134702065,0.0,0.0
2004-02-01 00:00:00-02:00,1.7825904886380621,1.9172861172914575,1.7046091982463258,1.7882111072540283,2617041579,0.0,0.0
2004-03-01 00:00:00-03:00,1.7882748317709347,1.8522692783361003,1.612640610920134,1.7269623279571533,2544276788,0.0,0.0
2004-04-01 00:00:00-03:00,1.7180846608389155,1.832980869291169,1.4442229563442501,1.4880996942520142,3481829923,0.0,0.0
2004-05-01 00:00:00-03:00,1.4880360383280644,1.7052474278639347,1.424233003924558,1.6733139753341675,3617109196,0.0,0.0
2004-06-01 00:00:00-03:00,1.6722277002043482,1.8393670320510864,1.6445731761388134,1.8393670320510864,2586277005,0.0,0.0
2004-07-01 00:00:00-03:00,1.8208458104442522,1.8994021012504696,1.7212136703343468,1.800983190536499,2594009203,0.0,0.0
2004-08-01 00:00:00-03:00,1.813693829719873,2.016982605381237,1.7563415110538698,1.896848440170288,3138821340,0.0,0.0
2004-09-01 00:00:00-03:00,1.9032337016260659,2.08844783984659,1.8470308999412886,2.0277740955352783,2154970815,0.0,0.0
2004-10-01 00:00:00-03:00,2.0373563395790386,2.260890592448134,2.011809526145128,2.2097973823547363,3041943043,0.0,0.001
2004-11-01 00:00:00-03:00,2.208708939112273,2.260888208329303,2.105947478583927,2.26082444190979,2334303100,0.0,0.0
2004-12-01 00:00:00-02:00,2.2545032805683505,2.6185450048454784,2.2481168395652524,2.5482914447784424,3342773497,0.0,0.0
2005-01-01 00:00:00-02:00,2.5514859148542333,2.6122232945694197,2.3982052187436897,2.490812301635742,5099419726,0.0,0.0
2005-02-01 00:00:00-02:00,2.4883198194898206,2.9808616703882373,2.4812304906814253,2.8740122318267822,3836949999,0.0,0.0
2005-03-01 00:00:00-03:00,2.8384379216370546,3.142252903493721,2.6922460707110014,2.7782113552093506,4414196316,0.0,0.0
2005-04-01 00:00:00-03:00,2.7788508499014415,2.9187192459715847,2.5993849408092218,2.8229188919067383,2664803307,0.0,0.0
2005-05-01 00:00:00-03:00,2.803696037542426,2.9251070070021443,2.6185456740525415,2.7079594135284424,1749803563,0.0,0.0
2005-06-01 00:00:00-03:00,2.727120709614566,2.9378817236490824,2.6810723316121146,2.759054183959961,4328252580,0.0,0.0
2005-07-01 00:00:00-03:00,2.7526658830577437,2.9053075948398264,2.6377051524861606,2.880399703979492,2044311407,0.0,0.0
2005-08-01 00:00:00-03:00,2.8804632688943115,3.1486406326293945,2.85804581443046,3.1486406326293945,4795195314,0.0,0.0
2005-09-01 00:00:00-03:00,3.1422543895763875,3.474362446638848,3.1288421759331935,3.4009151458740234,2945625837,0.0,0.0
2005-10-01 00:00:00-03:00,3.4104953606953967,3.5414227070015594,3.0975470593593424,3.4430673122406006,300350092,0.0,10.0
2005-11-01 00:00:00-02:00,3.452647760668546,3.694703624632481,3.3402418476915,3.576549768447876,461252369,0.0,0.0
2005-12-01 00:00:00-02:00,3.6078458588474405,3.8249937022103224,3.483944013460041,3.5957114696502686,203374626,0.0,0.0
2006-01-01 00:00:00-02:00,3.6020940935791854,4.32953813855103,3.519066873721558,4.29185676574707,262348727,0.0,0.0
2006-02-01 00:00:00-02:00,4.24714925160682,4.662284501230123,4.030002076289991,4.3876566886901855,246198693,0.0,0.0
2006-03-01 00:00:00-03:00,4.510285041640391,4.551160187117228,4.023618870364683,4.0874857902526855,269044947,0.0,0.0
2006-04-01 00:00:00-03:00,4.128996335279325,4.431087532848606,3.991682609228659,4.202443599700928,190956580,0.0,0.0
2006-05-01 00:00:00-03:00,4.202443307332004,4.879432754790201,3.643607639215656,3.8639485836029053,434786355,0.0,0.0
2006-06-01 00:00:00-03:00,3.9278186828976183,4.2024467581781595,3.2591316591993604,4.030005931854248,401971719,0.0,0.0
2006-07-01 00:00:00-03:00,4.051718496117796,4.31740539215093,3.6614919616014543,4.250344753265381,227384129,0.0,0.0
2006-08-01 00:00:00-03:00,4.196058812511293,4.266312368201674,3.8326558174898957,4.120057106018066,257141465,0.0,0.0
2006-09-01 00:00:00-03:00,4.132193984138149,4.342316258702688,3.9086594898792613,4.157740592956543,228660971,0.0,0.0
2006-10-01 00:00:00-03:00,4.1922276212821,4.770223667357615,4.11941922107994,4.502621173858643,249288836,0.0,0.0
2006-11-01 00:00:00-03:00,4.549243552231103,4.758726816112605,4.430450791709684,4.611194133758545,249886885,0.0,0.0
2006-12-01 00:00:00-02:00,4.617579636342146,4.949048456385342,4.534552390056268,4.943300724029541,174417881,0.0,0.0
2007-01-01 00:00:00-02:00,4.943304794660671,5.10935900719786,4.635465565324165,5.013558387756348,232001554,0.0,0.0
2007-02-01 00:00:00-02:00,5.0582579284638935,5.097855198390192,4.505809141622375,4.648870944976807,258980774,0.0,0.0
2007-03-01 00:00:00-03:00,4.473878632142001,4.851970710112459,4.311017470176272,4.592032432556152,305033204,0.0,0.0
2007-04-01 00:00:00-03:00,4.590118020715244,5.182803127024425,4.477073417518664,4.994395732879639,267690104,0.0,0.0
2007-05-01 00:00:00-03:00,4.994397857055561,5.7473896724806135,4.994397857055561,5.387179851531982,352685450,0.0,0.0
2007-06-01 00:00:00-03:00,5.473396213692196,5.655416908208596,5.294568842758144,5.492556571960449,294355926,0.0,0.0
2007-07-01 00:00:00-03:00,5.511717542361506,6.04181310695523,5.331612308244152,5.521297931671143,281384992,0.0,0.0
2007-08-01 00:00:00-03:00,5.467009566527496,5.601129990534496,4.547964621205252,5.492556571960449,521697642,0.0,0.0
2007-09-01 00:00:00-03:00,5.473397559344794,5.963257351633096,4.9880089213000165,5.885339736938477,338677167,0.0,0.0
2007-10-01 00:00:00-03:00,5.928129007693223,6.561689084810435,5.698208038853859,6.31005334854126,198109544,0.0,2.0
2007-11-01 00:00:00-02:00,6.187429951851775,6.3228278160095215,5.239644485973311,6.3228278160095215,206476060,0.0,0.0
2007-12-01 00:00:00-02:00,6.329213256032309,6.578294582107058,5.658610294962526,5.811891078948975,163684153,0.0,0.0
2008-01-01 00:00:00-02:00,5.811893193682363,5.871928283029128,4.6788934763407175,5.04932165145874,238682382,0.0,0.0
2008-02-01 00:00:00-02:00,4.971405226200416,5.78634757479917,4.543496685023479,5.441466331481934,251528437,0.003507,0.0
2008-03-01 00:00:00-03:00,5.467392297741447,5.666717546987638,4.919247862314424,5.112184524536133,223179664,0.003507,0.0
2008-04-01 00:00:00-03:00,5.189032866092545,6.16037940054475,5.054833876854765,6.061966419219971,201689621,0.003507,0.0
2008-05-01 00:00:00-03:00,6.063787166933923,6.6953516762141545,5.8234344772711255,6.4511637687683105,232842517,0.003507,0.0
2008-06-01 00:00:00-03:00,6.31564339550782,6.37798456254842,5.113576681586785,5.211084842681885,235930060,0.004384,1.25
2008-07-01 00:00:00-03:00,5.0607299716805505,5.578795216405807,4.76492075340529,5.356538772583008,307249129,0.004384,0.0
2008-08-01 00:00:00-03:00,5.292929756539488,5.438489519941973,4.779472350733118,4.918633937835693,193242842,0.004384,0.0
2008-09-01 00:00:00-03:00,4.864393214134509,5.18441928133212,4.320348983433826,5.10441255569458,291962366,0.004384,0.0
2008-10-01 00:00:00-03:00,5.026367969672781,5.1928464487435475,2.7068752962344877,3.729757308959961,493005297,0.004384,0.0
2008-11-01 00:00:00-02:00,4.307649487970434,4.780049616618511,3.2411459631901613,4.266014099121094,297704178,0.0,0.0
2008-12-01 00:00:00-02:00,4.115483134504755,4.930572458236699,4.0113949648467475,4.179537296295166,215886281,0.0,0.0
2009-01-01 00:00:00-02:00,4.179541455034458,4.848908341677537,3.5405997089710803,3.763188362121582,293762805,0.004384,0.0
2009-02-01 00:00:00-02:00,3.662385959890144,4.234332957580038,3.510186925970384,3.556647300720215,251376394,0.004384,0.0
2009-03-01 00:00:00-03:00,3.475109768489696,4.316638190355913,3.2571140500211184,4.1114654541015625,358449702,0.0,0.0
2009-04-01 00:00:00-03:00,4.077805880151566,4.92414314697661,4.042542088868691,4.872849941253662,392365455,0.004384,0.0
2009-05-01 00:00:00-03:00,4.875130140110269,5.356228388026938,4.490251709216209,5.1156792640686035,415829464,0.004384,0.0
2009-06-01 00:00:00-03:00,5.263691025180435,5.313424220673218,4.6941663298391845,4.989356517791748,297868398,0.004384,0.0
2009-07-01 00:00:00-03:00,5.039383514092438,5.528877583845469,4.718403480313713,5.39246129989624,325423768,0.004384,0.0
2009-08-01 00:00:00-03:00,5.466787200329997,5.79270784454945,5.185821980343623,5.647889614105225,302296563,0.004384,1.1
2009-09-01 00:00:00-03:00,5.65344387502514,6.397225087715359,5.4096391189195385,6.307123184204102,266345956,0.004823,0.0
2009-10-01 00:00:00-03:00,6.282976763396249,6.650588281193153,5.832299223824015,5.9206671714782715,362796777,0.004823,0.0
2009-11-01 00:00:00-02:00,5.922661040632823,6.857911514147607,5.922661040632823,6.709402561187744,238608822,0.004823,0.0
2009-12-01 00:00:00-02:00,6.7878522455792965,7.185785064247644,6.632216022665432,6.842678546905518,203609021,0.004823,0.0
2010-01-01 00:00:00-02:00,6.844843434548014,7.16329032395475,6.20087285294982,6.391941070556641,250387395,0.076199,0.0
2010-02-01 00:00:00-02:00,6.451866779788382,6.761215150625444,6.010956366000529,6.48920202255249,218386914,0.15931,0.0
2010-03-01 00:00:00-03:00,6.603691964635185,7.0529224320606865,6.551581107609417,7.007999897003174,234655757,0.004823,0.0
2010-04-01 00:00:00-03:00,7.044454432001425,7.238585816344911,6.508795454259487,6.776625156402588,225491083,0.004823,0.0
2010-05-01 00:00:00-03:00,6.742749094891245,6.852431592966769,5.579400275077287,6.239290714263916,396074223,0.004823,0.0
2010-06-01 00:00:00-03:00,6.126167722710409,6.435533595286185,5.832989534763004,5.845579624176025,232809734,0.004823,0.0
2010-07-01 00:00:00-03:00,5.9555586109704,7.134075715507109,5.849402000217854,7.123280048370361,313005890,0.004823,0.0
2010-08-01 00:00:00-03:00,7.127709782070346,7.1799073209756195,6.4185384176285165,6.8073225021362305,283509324,0.089029,0.0
2010-09-01 00:00:00-03:00,6.879414847746743,7.3265767097473145,6.691135942906663,7.3265767097473145,271996496,0.004823,0.0
2010-10-01 00:00:00-03:00,7.343391117193714,7.819670084056636,7.285440883470301,7.515430927276611,273552391,0.004823,0.0
2010-11-01 00:00:00-02:00,7.530339694280545,7.919808776952938,7.082903622069683,7.1100754737854,283163461,0.004823,0.0
2010-12-01 00:00:00-02:00,7.248026539855393,7.354935060528305,6.8240172181749985,7.20997428894043,276325282,0.004823,0.0
2011-01-01 00:00:00-02:00,7.177745380155365,7.36806408178237,6.434595201639517,6.450908184051514,311896635,0.091229,0.0
2011-02-01 00:00:00-02:00,6.535315005513065,6.998346555147666,6.229057123929419,6.744955062866211,384824403,0.004823,0.0
2011-03-01 00:00:00-03:00,6.750878383528132,7.093710422515869,6.300454803405059,7.093710422515869,300353035,0.158265,0.0
2011-04-01 00:00:00-03:00,7.180615390187719,7.274611862264203,6.618477824932623,6.837803363800049,307316288,0.004823,0.0
2011-05-01 00:00:00-03:00,6.8915408164012435,6.8915408164012435,6.268388842908206,6.607619285583496,356199049,0.004823,0.0
2011-06-01 00:00:00-03:00,6.582097617036539,6.7443910848960975,6.377386597936331,6.722259998321533,316353817,0.004823,0.0
2011-07-01 00:00:00-03:00,6.711594054126455,6.80568197057623,5.567781961910106,5.81130313873291,394451821,0.004823,0.0
2011-08-01 00:00:00-03:00,5.8722663068591725,5.903639096666608,4.641341936249393,5.324163436889648,782263930,0.113575,0.0
2011-09-01 00:00:00-03:00,5.571577093500881,5.804658767528054,5.055068843676282,5.416810989379883,559543990,0.004823,0.0
2011-10-01 00:00:00-03:00,5.381757667555964,6.310740413003105,5.131790197022695,6.10554313659668,421098682,0.004823,0.0
2011-11-01 00:00:00-02:00,5.859861153496598,6.188311978205507,5.421304526271701,5.953171253204346,383884099,0.004823,0.0
2011-12-01 00:00:00-02:00,6.104707322443474,6.528490389765932,6.020698413695358,6.345535755157471,387784660,0.120568,0.0
2012-01-01 00:00:00-02:00,6.444679401459252,7.045454789266082,6.309081409152292,6.614177227020264,369032304,0.004823,0.0
2012-02-01 00:00:00-02:00,6.6504244675514235,7.063014272387615,6.531733827157439,6.93302059173584,333066813,0.004823,0.0
2012-03-01 00:00:00-03:00,6.9108842640574135,7.338691643141469,6.526422587451328,6.582961082458496,379818068,0.173376,0.0
2012-04-01 00:00:00-03:00,6.680119535338476,6.785003315460916,5.5321227626548,5.720912933349609,523281656,0.006028,0.0
2012-05-01 00:00:00-03:00,5.723371408172354,5.757711932695517,5.09952420491075,5.589826583862305,602031650,0.006028,0.0
2012-06-01 00:00:00-03:00,5.483817516684967,5.856022573498776,5.134517567619778,5.399832725524902,397826440,0.006028,0.0
2012-07-01 00:00:00-03:00,5.379688459839276,6.407119070977228,5.261285705979814,6.200869083404541,456562045,0.006028,0.0
2012-08-01 00:00:00-03:00,6.206070872448676,6.676111903165077,5.971050357090476,6.057033538818359,327922633,0.117513,0.0
2012-09-01 00:00:00-03:00,6.131722113907665,6.864443811427153,5.863700362266379,5.894551753997803,516041880,0.006028,0.0
2012-10-01 00:00:00-03:00,5.93784919261425,6.067100735004357,5.43820553265999,5.725645065307617,446516778,0.006028,0.0
2012-11-01 00:00:00-02:00,5.69371609492122,6.280458512730165,5.685995583002516,6.199395656585693,391932056,0.006028,0.0
2012-12-01 00:00:00-02:00,6.250810338003598,6.656331219924197,6.217982579281483,6.443915367126465,392602386,0.12539,0.0
2013-01-01 00:00:00-02:00,6.503435968395512,7.07446023625446,6.503435968395512,6.6905293464660645,433557039,0.006028,0.0
2013-02-01 00:00:00-02:00,6.6837873316809295,6.966502980068744,6.416669765695834,6.833919048309326,426582757,0.006028,0.0
2013-03-01 00:00:00-03:00,6.758881813507075,7.223128187800757,6.743276449936398,6.914930820465088,392711121,0.159711,0.0
2013-04-01 00:00:00-03:00,7.063320325016756,7.118564333822105,6.339231751181862,6.64109992980957,462039399,0.006028,0.0
2013-05-01 00:00:00-03:00,6.643913207322951,7.260537627296482,6.5274570776059155,7.030388832092285,474856044,0.006028,1.1
2013-06-01 00:00:00-03:00,7.037866253484048,7.044382969430245,5.932226458804483,6.245020389556885,642511890,0.006631,0.0
2013-07-01 00:00:00-03:00,6.160985038822975,6.532600033231194,5.615514845978164,6.328320503234863,553190254,0.006631,0.0
2013-08-01 00:00:00-03:00,6.385983107128595,6.659947901754344,6.068532752938201,6.307707786560059,605912848,0.12926400000000002,0.0
2013-09-01 00:00:00-03:00,6.5130283097166135,7.200575568119304,6.293364797252772,6.90622615814209,501239014,0.006631,0.0
2013-10-01 00:00:00-03:00,6.927381297989204,7.62847126713878,6.804306201510692,7.599900245666504,482546236,0.006631,0.0
2013-11-01 00:00:00-02:00,7.596931021256411,7.629913282882695,6.871319842459098,7.242920875549316,420908287,0.006631,0.0
2013-12-01 00:00:00-02:00,7.138278739735857,7.31426072649203,6.7181211116504915,7.054687023162842,379056350,0.096638,0.0
2014-01-01 00:00:00-02:00,7.104045533285713,7.104045533285713,6.404052628408656,6.703100204467773,602060604,0.006631,0.0
2014-02-01 00:00:00-02:00,6.648615262505322,7.158341933823944,6.524507512424873,6.916775703430176,506140389,0.238104,0.0
2014-03-01 00:00:00-03:00,7.039066749215656,7.6547885449018835,6.5631801484998125,7.641255855560303,451261851,0.006631,0.0
2014-04-01 00:00:00-03:00,7.647180435580401,8.421150239453189,7.5817421763475075,8.297043800354004,523342030,0.006631,0.0
2014-05-01 00:00:00-03:00,8.300719212560615,8.55581317413331,7.853739869619661,7.855997562408447,430339384,0.006631,0.0
2014-06-01 00:00:00-03:00,7.886304119880354,8.605375991501976,7.762092527652876,7.937117576599121,392298591,0.006631,1.1
2014-07-01 00:00:00-03:00,7.975336116856509,9.034075675620299,7.783968075377492,8.7184419631958,408118721,0.007294,0.0
2014-08-01 00:00:00-03:00,8.66037464616703,10.107500622661068,8.5857810062696,10.070202827453613,465734383,0.16561,0.0
2014-09-01 00:00:00-03:00,10.32246534592609,10.45052317458751,8.419174635210231,8.49952507019043,584838112,0.007294,0.0
2014-10-01 00:00:00-03:00,8.36201040729995,9.959558573017606,8.073145669803496,9.226093292236328,1036095483,0.007294,0.0
2014-11-01 00:00:00-02:00,9.132163092725003,10.247925700328418,8.6094637946793,9.725226402282715,460135646,0.007294,0.0
2014-12-01 00:00:00-02:00,9.530606185451756,9.543175492323181,8.044826255303112,8.698469161987305,484402323,0.007294,0.0
2015-01-01 00:00:00-02:00,8.701838663491072,9.179684964586627,8.166147405197247,8.274291038513184,536792910,0.007294,0.0
2015-02-01 00:00:00-02:00,8.358390917545464,9.45288235653722,8.214974617594553,9.183662414550781,478074197,0.41786700000000004,0.0
2015-03-01 00:00:00-03:00,9.38983523333574,9.474963757169835,8.44827243795503,9.10865592956543,721853036,0.007294,0.0
2015-04-01 00:00:00-03:00,9.238858447193154,10.19371244486785,9.20789080034431,9.94338607788086,530678426,0.007294,0.0
2015-05-01 00:00:00-03:00,9.947620186423654,10.174818028949876,8.855525044875048,8.86327075958252,595514913,0.007294,0.0
2015-06-01 00:00:00-03:00,8.895124840344655,9.114661213834664,8.368235416589846,8.838303565979004,642124753,0.007294,0.0
2015-07-01 00:00:00-03:00,8.901602353977296,9.126402551233,8.00394813679981,8.54967212677002,503496902,0.007294,1.1
2015-08-01 00:00:00-03:00,8.502234204972789,8.5591057657469,7.02927188340216,7.549643039703369,819277478,0.193105,0.0
2015-09-01 00:00:00-03:00,7.467520297411356,8.501795024609535,7.2600894633921005,7.63749885559082,769007036,0.008024,0.0
2015-10-01 00:00:00-03:00,7.638936001032501,8.731447464376263,7.494804822793295,7.6302876472473145,699492841,0.008024,0.0
2015-11-01 00:00:00-02:00,7.634603883766495,8.574869451557644,7.634603883766495,8.015324592590332,547365788,0.008024,0.0
2015-12-01 00:00:00-02:00,8.037183915321418,8.490267409217001,7.523496965584268,7.598529815673828,670547586,0.119822,0.0
2016-01-01 00:00:00-02:00,7.657533631839624,7.657533631839624,6.633814641604529,7.256189346313477,508578442,0.008024,0.0
2016-02-01 00:00:00-02:00,7.190488594417512,7.525133004265629,6.7656358313302265,7.391274929046631,593076460,0.358073,0.0
2016-03-01 00:00:00-03:00,7.669289096225742,10.038273776817586,7.627413160956544,9.335355758666992,845470343,0.008024,0.0
2016-04-01 00:00:00-03:00,9.400729033795288,10.2926158942977,8.775210749151015,9.837693214416504,297618113,0.008024,0.0
2016-05-01 00:00:00-03:00,9.83044541119351,9.95620786831549,8.61474059132168,8.69858169555664,492921049,0.008024,0.0
2016-06-01 00:00:00-03:00,8.708545686173311,9.241782337557511,8.343068346078283,9.077018737792969,536483532,0.008024,0.0
2016-07-01 00:00:00-03:00,9.114670645151888,10.358533878376395,8.991783644974817,10.127745628356934,430879423,0.008024,0.0
2016-08-01 00:00:00-03:00,10.120776645854821,11.062383443767807,9.988830824807614,10.750514030456543,489106434,0.22145600000000001,0.0
2016-09-01 00:00:00-03:00,10.845695905659085,11.249185006549842,10.508948370532107,10.775918960571289,427123327,0.008024,0.0
2016-10-01 00:00:00-03:00,10.774360766649623,12.9668676868413,10.774360766649623,12.819971084594727,457848858,0.008024,1.1
2016-11-01 00:00:00-02:00,12.935604624137465,12.938944618006367,11.325751397759694,11.830082893371582,470618732,0.008826,0.0
2016-12-01 00:00:00-02:00,11.293421849303568,11.594133291279146,10.361213671482016,11.310127258300781,471504851,0.286202,0.0
2017-01-01 00:00:00-02:00,11.348121051293031,13.088506046290442,11.300625573934548,12.633902549743652,351312305,0.008826,0.0
2017-02-01 00:00:00-02:00,12.744722460777878,14.25508280147946,12.425680904695003,13.586451530456543,429330061,0.465078,0.0
2017-03-01 00:00:00-03:00,13.922905497055591,14.002504567624058,12.877736067713544,13.116533279418945,381877470,0.008826,0.0
2017-04-01 00:00:00-03:00,13.152587780217647,13.678829688425626,12.851383522741639,13.592276573181152,340808715,0.008826,0.0
2017-05-01 00:00:00-03:00,13.597664791482455,14.006356007155734,10.979265237703501,12.31270980834961,626185695,0.008826,0.0
2017-06-01 00:00:00-03:00,12.36245373522138,12.809414526681575,12.11298797830679,12.73318862915039,359338872,0.008826,0.0
2017-07-01 00:00:00-03:00,12.800963106047892,13.078266055197535,12.461268482119458,12.936147689819336,317640618,0.008826,0.0
2017-08-01 00:00:00-03:00,13.184165829181712,14.345843096172521,13.142554029260348,13.992138862609863,361731595,0.243601,0.0
2017-09-01 00:00:00-03:00,14.24406307926851,15.449465568092515,14.191502317160719,15.190163612365723,329197727,0.008826,0.0
2017-10-01 00:00:00-03:00,15.125716575275673,16.051137070048615,14.659500895577967,14.740124702453613,304886892,0.008826,0.0
2017-11-01 00:00:00-02:00,14.885484740006067,15.358874906862905,14.33845617852765,14.47170639038086,309687300,0.008826,0.0
2017-12-01 00:00:00-02:00,14.410221395454302,15.118804881990696,14.266398823865837,14.936396598815918,412979169,0.093851,0.0
2018-01-01 00:00:00-02:00,14.994550914210155,18.706213190336516,14.994550914210155,18.403364181518555,459759266,0.008826,0.0
2018-02-01 00:00:00-02:00,18.261900822217914,18.790310966826237,17.455192140686357,17.74757957458496,591711509,1.328626,0.0
2018-03-01 00:00:00-03:00,18.62329770240963,19.484532830143102,18.203721186266417,18.884613037109375,392241870,0.008826,0.0
2018-04-01 00:00:00-03:00,18.86445409831501,19.243657252207242,18.2275395880937,18.77977752685547,324037536,0.008826,0.0
2018-05-01 00:00:00-03:00,18.785275212695126,18.785275212695126,15.640279117228962,15.828095436096191,579787811,0.008826,0.0
2018-06-01 00:00:00-03:00,16.027987495980458,16.57318192239583,13.725645498547918,14.86023998260498,583429844,0.008826,0.0
2018-07-01 00:00:00-03:00,14.703281407351078,17.43020548524891,14.633265940870828,16.5826473236084,425185659,0.008826,0.0
2018-08-01 00:00:00-03:00,16.581450721579994,17.38508823741134,15.184303907432241,15.582435607910156,473321957,0.449662,0.0
2018-09-01 00:00:00-03:00,15.70276585720638,16.70483073381843,15.316200738576573,16.562213897705078,370505097,0.008826,0.0
2018-10-01 00:00:00-03:00,16.613156234235742,19.5603487213467,16.233963763553493,18.49034881591797,672304006,0.008826,0.0
2018-11-01 00:00:00-03:00,18.590528745991215,20.748156450167752,18.33889929519002,20.29184341430664,428137520,0.008826,1.5
2018-12-01 00:00:00-02:00,20.737580425719656,20.737580425719656,18.742715058302007,20.005002975463867,383310433,0.022595,0.0
2019-01-01 00:00:00-02:00,20.019476151898665,22.213158531522406,19.93488739276593,21.869163513183594,502657592,0.013239,0.0
2019-02-01 00:00:00-02:00,21.776858718134115,22.448217393761233,19.841764845675687,19.875614166259766,561118239,1.60203,0.0
2019-03-01 00:00:00-03:00,21.027440194033762,22.319066502199696,19.34477164595728,20.399402618408203,453641409,0.013239,0.0
2019-04-01 00:00:00-03:00,20.568138632381206,20.627413685677492,18.967736531058673,20.052453994750977,404577862,0.013239,0.0
2019-05-01 00:00:00-03:00,20.06118795668527,20.992198173991195,18.44822733533584,20.75499725341797,490133640,0.013239,0.0
2019-06-01 00:00:00-03:00,20.882866379729567,21.70750231791814,19.862453877726068,21.5117244720459,453185149,0.013239,0.0
2019-07-01 00:00:00-03:00,21.82363771559338,22.40528446444343,20.595055688854558,20.666278839111328,507827021,0.013239,0.0
2019-08-01 00:00:00-03:00,20.906392363136927,22.177043234513487,19.410109535366356,20.152313232421875,526072738,0.707767,0.0
2019-09-01 00:00:00-03:00,20.600396751925523,22.12567644201082,19.913716553777807,21.287076950073242,457704346,0.013239,0.0
2019-10-01 00:00:00-03:00,21.412006948118126,22.816371058488606,19.794859082986164,22.026037216186523,514073360,0.013239,0.0
2019-11-01 00:00:00-03:00,22.29699688735631,23.105916333096737,20.69132107147386,21.165725708007812,409574621,0.013239,0.0
2019-12-01 00:00:00-03:00,21.2475052203732,22.932946529423322,21.19882751251024,22.573951721191406,497670692,0.04639,0.0
2020-01-01 00:00:00-03:00,22.607548246265157,23.302228726680248,19.82883159204448,19.999454498291016,611958556,0.013239,0.0
2020-02-01 00:00:00-03:00,20.117279979379983,21.62912402979871,18.635916448613553,19.507665634155273,778467411,0.901765,0.0
2020-03-01 00:00:00-03:00,20.068082324007587,20.29434246714896,12.570048245864244,14.512120246887207,1307057907,0.013239,0.0
2020-04-01 00:00:00-03:00,13.971873962857126,15.814249161726304,12.58223129342035,14.317712783813477,888692450,0.013239,0.0
2020-05-01 00:00:00-03:00,14.32701871424755,15.365208160849765,13.043437378413342,14.496903419494629,970184831,0.013239,0.0
2020-06-01 00:00:00-03:00,14.374236182878539,18.070108205837982,14.292384984710893,16.023841857910156,1119031233,0.013239,0.0
2020-07-01 00:00:00-03:00,16.128790440640653,17.949581537549808,16.090989387934414,16.941532135009766,855672293,0.013239,0.0
2020-08-01 00:00:00-03:00,17.08389860043886,17.468444855013022,14.8207546469794,14.84597110748291,944630584,0.059929,0.0
2020-09-01 00:00:00-03:00,15.089166724403166,16.11955343710614,14.096707569158298,14.223135948181152,841968999,0.013239,0.0
2020-10-01 00:00:00-03:00,14.263822179123054,16.635854955970032,14.029781589936448,14.852086067199707,872841890,0.013239,0.0
2020-11-01 00:00:00-03:00,14.862002637955493,19.102863616944653,14.862002637955493,18.07746124267578,1102533054,0.013239,0.0
2020-12-01 00:00:00-03:00,18.39936562914892,20.540151166845177,18.329694709197195,20.033456802368164,664175014,0.069691,0.0
2021-01-01 00:00:00-03:00,20.084708533415604,21.23403884100211,17.690798814817544,17.995594024658203,808478766,0.057511,0.0
2021-02-01 00:00:00-03:00,18.455043705500398,18.722323486638487,16.234075410942474,16.259531021118164,933888498,0.142972,0.0
2021-03-01 00:00:00-03:00,16.58471372040354,18.390461465321604,15.316846839814259,17.91020965576172,1082351944,0.057934,0.0
2021-04-01 00:00:00-03:00,18.05632350887224,18.19753829297696,17.010045732957458,17.67119026184082,625082210,0.063089,0.0
2021-05-01 00:00:00-03:00,17.82701612137265,19.262188562433757,17.067597975551298,19.011194229125977,812619202,0.056258,0.0
2021-06-01 00:00:00-03:00,19.246690795303277,22.14917560197478,19.20154247195969,19.22089195251465,995300155,0.013239,0.0
2021-07-01 00:00:00-03:00,19.224204162999012,20.14701656869156,18.462721671005184,19.55331802368164,699342088,0.013239,0.0
2021-08-01 00:00:00-03:00,19.88599239179934,20.34440236793393,18.852953880352537,19.976383209228516,871607598,0.104889,0.0
2021-09-01 00:00:00-03:00,20.131705972628353,20.50115510955825,17.409453671119667,18.751134872436523,987318851,0.013239,0.0
2021-10-01 00:00:00-03:00,18.883435187986464,19.369788311639326,14.856440068625815,15.115827560424805,1013256732,0.013239,0.0
2021-11-01 00:00:00-03:00,15.383199471115692,16.135814811985828,14.195883721042758,14.52028751373291,969860343,0.24907400000000002,0.0
2021-12-01 00:00:00-03:00,14.824181371151528,15.61927239423876,13.739966210577052,13.766250610351562,665404318,0.015578,0.0
2022-01-01 00:00:00-03:00,13.921790589808236,16.775855768521083,13.86918030754735,16.65748405456543,912719297,0.015578,0.0
2022-02-01 00:00:00-03:00,16.64520793943843,17.77068496186116,16.019943085018035,16.76367950439453,946004233,0.027634,0.0
2022-03-01 00:00:00-03:00,16.784338660167688,18.5042876775894,15.677245170708469,18.108898162841797,962913462,0.015578,0.0
2022-04-01 00:00:00-03:00,18.266536875303537,18.385236727307696,15.740875244140625,15.740875244140625,676037978,0.015578,0.0
2022-05-01 00:00:00-03:00,15.750990679359536,17.44684529050914,15.110920890320038,17.262083053588867,959512197,0.015578,0.0
2022-06-01 00:00:00-03:00,17.36069774938868,17.38050936667176,14.877768247590291,14.97021770477295,723524613,0.015578,0.0
2022-07-01 00:00:00-03:00,14.749049927390784,15.845978017014202,14.299706596077852,15.608089447021484,649324328,0.015578,0.0
2022-08-01 00:00:00-03:00,15.77235551455768,18.19937996402078,15.368954004416285,17.068532943725586,884609001,0.286099,0.0
2022-09-01 00:00:00-03:00,17.442790997645364,19.41062725444058,17.094738995478746,18.781455993652344,896251825,0.015578,0.0
2022-10-01 00:00:00-03:00,19.28325528727611,20.951033331574777,18.988547642484814,20.361618041992188,1018122628,0.015578,0.0
2022-11-01 00:00:00-03:00,20.77656361184482,20.97092426490768,16.701675457899913,17.425504684448242,1228942996,0.015578,0.0
2022-12-01 00:00:00-03:00,17.174096162209356,17.87152157097758,15.16899865544569,16.765029907226562,999033391,0.444687,0.0
2023-01-01 00:00:00-03:00,16.718381143530713,18.25814188547759,16.307778081828534,17.334285736083984,821272717,0.015578,0.0
2023-02-01 00:00:00-03:00,17.250670821760572,18.59292292744478,16.613786384852798,17.415027618408203,748663844,0.015578,0.0
2023-03-01 00:00:00-03:00,17.351781161264533,17.3723397067678,15.583707743288041,16.954307556152344,1003966698,0.015578,0.0
2023-04-01 00:00:00-03:00,17.118678215891084,18.200733575091984,16.515223314315318,17.97877311706543,551146480,0.0,0.0
2023-05-01 00:00:00-03:00,17.991603734467528,19.268786434761793,17.019835592950212,18.276193618774414,801645645,0.0,0.0
2023-06-01 00:00:00-03:00,18.385888390956517,20.261291453088816,18.27475329461304,19.740346908569336,675331551,0.0,0.0
2023-07-01 00:00:00-03:00,20.020589933854914,20.665963322218982,19.43133676149285,20.090740203857422,591752975,0.0,0.0
2023-08-01 00:00:00-03:00,19.88563015366269,20.447172020821533,18.629177305890416,19.25389289855957,734243586,0.0,0.0
2023-09-01 00:00:00-03:00,19.28683671341123,19.694206126358132,18.51423866116877,19.11124610900879,498102252,0.0,0.0
2023-10-01 00:00:00-03:00,19.26291909340835,20.079145063650746,18.84415914908835,19.035795211791992,573228198,0.0,0.0
2023-11-01 00:00:00-03:00,19.104972438737068,22.48562859507768,19.076563137854603,22.4359130859375,638715600,0.0,0.0
2023-12-01 00:00:00-03:00,22.42226167444154,24.142131805419922,22.123772159702444,24.142131805419922,528295231,0.0,0.0
2024-01-01 00:00:00-03:00,24.346591916498937,24.346591916498937,22.913173604457793,23.49370765686035,531380955,0.0,0.0
2024-02-01 00:00:00-03:00,23.50592417513142,25.779072215889215,23.082846920989606,24.337739944458008,633673183,0.0,0.0
2024-03-01 00:00:00-03:00,25.281718206769405,25.933767267245667,24.82231964115108,25.667020797729492,451142914,0.0,0.0
2024-04-01 00:00:00-03:00,25.817154546977033,25.973940401756057,23.353401260581936,23.413127899169922,681100560,0.0,0.0
2024-05-01 00:00:00-03:00,23.42506276012446,25.113221779844043,23.11880346578874,23.17856216430664,556017248,0.0,0.0
2024-06-01 00:00:00-03:00,23.28877504902261,24.559343036584455,23.101926388021546,24.2230167388916,530909401,0.0,0.0
2024-07-01 00:00:00-03:00,24.406344586208952,26.094739605832174,24.24805770582565,25.53696632385254,495726691,0.0,0.0
2024-08-01 00:00:00-03:00,25.65646379133569,28.27339173503467,24.39701960919434,27.677608489990234,686087345,0.0,0.0
2024-09-01 00:00:00-03:00,27.593944558527667,28.5144961587528,26.80166451036687,27.246849060058594,459967624,0.0,0.0
2024-10-01 00:00:00-03:00,27.578894400611073,27.61692515027505,26.27068460671995,26.635766983032227,515016926,0.0,0.0
2024-11-01 00:00:00-03:00,26.633573228966526,27.889155661505153,24.487669275984192,24.80727195739746,560064550,0.0,0.0
2024-12-01 00:00:00-03:00,24.659900840681626,25.69532792896525,23.396072387695312,23.396072387695312,622709595,0.0,0.0
2025-01-01 00:00:00-03:00,23.632086990917006,26.315977433013302,22.932276201755215,26.00067901611328,503090965,0.0,0.0
2025-02-01 00:00:00-03:00,25.91559635645012,27.162128827304716,24.576725006103516,24.576725006103516,618916195,0.0,0.0
2025-03-01 00:00:00-03:00,25.76105806865823,29.23323708315691,25.76105806865823,27.8669490814209,546881391,0.0,1.1
2025-04-01 00:00:00-03:00,27.86460202572799,31.672795821191357,27.1100648951542,31.584026336669922,552426595,0.0,0.0
2025-05-01 00:00:00-03:00,31.60178039259804,34.30187430324399,30.571481124865848,33.244930267333984,517979069,0.0,0.0
2025-06-01 00:00:00-03:00,33.47470122609219,33.55467869495999,31.759644356154183,32.83488845825195,414340057,0.0,0.0
2025-07-01 00:00:00-03:00,33.13683310595963,34.087960691599875,30.642374268468387,31.548635482788086,489198809,0.0,0.0
2025-08-01 00:00:00-03:00,31.958704797795324,34.759579146126335,31.186666952608462,34.553104400634766,521143023,0.0,0.0
2025-09-01 00:00:00-03:00,34.9970793725138,35.82235404299282,33.79090760387032,35.43238830566406,413774896,0.0,0.0
2025-10-01 00:00:00-03:00,35.62104142157842,36.00210977894312,33.534225780230734,35.784358978271484,389906912,0.0,0.0
2025-11-01 00:00:00-03:00,36.21808151829486,38.042599341432435,35.67344603188256,37.797515869140625,491719528,0.0,0.0
2025-12-01 00:00:00-03:00,37.87800589652118,39.412742587844896,35.18995090552968,36.69462585449219,443061556,0.0,1.03
2026-01-01 00:00:00-03:00,38.809652464185746,46.545861334120026,38.6414758153634,45.01247024536133,536239800,0.0,0.0
2026-02-01 00:00:00-03:00,45.32036863138404,49.16057178268015,43.59821279144821,46.30021286010742,665260000,0.0,0.0
2026-03-01 00:00:00-03:00,45.378091825291925,45.873161539587066,40.77394197151426,43.05126190185547,667687700,0.0,0.0
2026-04-01 00:00:00-03:00,43.783327983456516,47.83808097436386,42.415100055470184,43.1341667175293,473966900,0.0,0.0
2026-05-01 00:00:00-03:00,43.15221237842659,43.25212717682045,38.6661427429382,40.00497055053711,702163200,0.0,0.0
2026-06-01 00:00:00-03:00,40.04999923706055,40.060001373291016,38.56999969482422,38.83000183105469,131499600,0.018182,0.0
